{"petra": [30.3216354, 35.4801251], "tlaa al ali": [31.9872252, 35.8666518], "al-maghtas": [31.8372183, 35.5503094], "wadi mujib": [31.4205347836573, 35.82482748724647], "dana biosphere": [30.6741932, 35.6083722], "ajloun forest": [32.3325599, 35.751742], "umm qais": [32.6543534, 35.6880516], "shobak castle": [30.5313889, 35.5608333], "um qais": [32.6543534, 35.6880516], "jubaiha": [32.0188835, 35.8820414], "aqaba": [29.5320522, 35.0063209], "the red sea": [20.280232, 38.512573], "amman": [31.9543786, 35.9105776], "wadi rum (destination)": [29.555872, 35.4076008], "jabal al-qalaa": [31.9526634, 35.9354185], "ajloun forest reserve": [32.3801562, 35.7637972], "wadi rum": [29.555872, 35.4076008], "palm village restaurant": [31.9052873, 35.8677998], "o2 view": [31.900726, 35.8160838], "jordan national gallery of fine art": [31.9579734, 35.9152431], "ban coffee house": [31.9656679, 35.8775884], "tlaal al ali": [31.9872252, 35.8666518], "jordan museum": [31.9453515, 35.9259271], "blooming brothers coffee co": [31.9863809, 35.8635988], "padova italian cuisine": [31.948739, 35.8780986], "almond coffee house - 8th circle": [31.9576993, 35.8492091], "the duke's diwan": [31.9518433, 35.9333862], "beit sitti": [31.954239, 35.929383], "wild jordan center": [31.9511167, 35.9308836], "dar al-anda art gallery": [31.9534337, 35.9282566], "jadal for knowledge & culture": [31.9526801, 35.9318636], "mlabbas - t-shirts & gifts": [31.9492366, 35.9288577], "abdun al shmali": [31.94777149999999, 35.89203250000001], "jerash": [32.2746515, 35.8960765], "abdun al shmali.": [31.94777149999999, 35.89203250000001], "tabarbour": [32.0028488, 35.9403639]}